<?xml version="1.0" encoding="UTF-8"?>
<project-private xmlns="http://www.netbeans.org/ns/project-private/1">
    <editor-bookmarks xmlns="http://www.netbeans.org/ns/editor-bookmarks/2" lastBookmarkId="0"/>
    <open-files xmlns="http://www.netbeans.org/ns/projectui-open-files/2">
        <group>
            <file>file:/C:/Users/khalid/Documents/NetBeansProjects/FileEncryptionProgram/src/fileencryptionprogram/Start_page.java</file>
            <file>file:/C:/Users/khalid/Documents/NetBeansProjects/FileEncryptionProgram/src/fileencryptionprogram/icons/Folder.png</file>
            <file>file:/C:/Users/khalid/Documents/NetBeansProjects/FileEncryptionProgram/src/fileencryptionprogram/Round_Square.java</file>
            <file>file:/C:/Users/khalid/Documents/NetBeansProjects/FileEncryptionProgram/src/fileencryptionprogram/icons/Title_icon.png</file>
            <file>file:/C:/Users/khalid/Documents/NetBeansProjects/FileEncryptionProgram/src/fileencryptionprogram/icons/Question%20mark.png</file>
            <file>file:/C:/Users/khalid/Documents/NetBeansProjects/FileEncryptionProgram/src/fileencryptionprogram/icons/Minimize_Button.png</file>
            <file>file:/C:/Users/khalid/Documents/NetBeansProjects/FileEncryptionProgram/src/fileencryptionprogram/icons/X_Button.png</file>
        </group>
    </open-files>
</project-private>
